task_id	hash	native_id	name	status	exit	submit	duration	realtime	%cpu	peak_rss	peak_vmem	rchar	wchar
1	f2/7102cb	222656.hpcnode0	geneconv (msa_m0.00010_rc1.0E-7_n2500_dual0.05_rep3.fasta)	COMPLETED	0	2019-08-14 17:13:11.414	9h 59m 35s	9h 58m 54s	100.1%	2.6 GB	2.7 GB	4.1 MB	94.4 MB
2	b7/f8b69d	222641.hpcnode0	geneconv (msa_m0.00010_rc0.0000010_n2500_dual0.05_rep2.fasta)	COMPLETED	0	2019-08-14 17:13:10.439	12h 20m 31s	12h 20m 29s	100.0%	3.2 GB	3.3 GB	4.1 MB	17.9 MB
7	8e/b7bdfe	222642.hpcnode0	geneconv (msa_m0.00010_rc1.0E-7_n2500_dual0.05_rep1.fasta)	COMPLETED	0	2019-08-14 17:13:10.503	13h 20m 21s	13h 20m 19s	100.1%	3.3 GB	3.4 GB	4.1 MB	5.4 MB
18	14/0c196f	222649.hpcnode0	geneconv (msa_m0.00010_rc1.0E-7_n2500_dual0.05_rep2.fasta)	COMPLETED	0	2019-08-14 17:13:10.968	14h 12m 56s	14h 12m 26s	100.1%	3.4 GB	3.5 GB	4.1 MB	2.4 MB
9	7f/f95cb1	222648.hpcnode0	geneconv (msa_m0.00010_rc0.0000010_n2500_dual0.05_rep3.fasta)	COMPLETED	0	2019-08-14 17:13:10.903	14h 31m 1s	14h 30m 38s	100.1%	3.4 GB	3.5 GB	4.1 MB	2 MB
11	96/0f1b98	222646.hpcnode0	geneconv (msa_m0.00010_rc0.0000010_n2500_dual0.05_rep1.fasta)	COMPLETED	0	2019-08-14 17:13:10.768	16h 7m 26s	16h 7m 24s	100.2%	3.3 GB	3.4 GB	4.1 MB	4.8 MB
5	e8/300c39	222643.hpcnode0	geneconv (msa_m0.0010_rc1.0E-7_n2500_dual0.05_rep3.fasta)	COMPLETED	0	2019-08-14 17:13:10.569	1d 15h 15m 30s	1d 15h 15m 25s	100.1%	3.4 GB	3.5 GB	4.1 MB	1.2 MB
14	64/3edc59	222644.hpcnode0	geneconv (msa_m0.0010_rc0.0000010_n2500_dual0.05_rep2.fasta)	COMPLETED	0	2019-08-14 17:13:10.633	1d 15h 57m 35s	1d 15h 57m 32s	100.1%	3.4 GB	3.5 GB	4.1 MB	1 MB
16	d3/7cdcb9	222640.hpcnode0	geneconv (msa_m0.0010_rc0.0000010_n2500_dual0.05_rep3.fasta)	COMPLETED	0	2019-08-14 17:13:10.354	1d 16h 44m 30s	1d 16h 44m 25s	100.1%	3.4 GB	3.5 GB	4.1 MB	1 MB
13	b7/183b54	222651.hpcnode0	geneconv (msa_m0.0010_rc1.0E-7_n2500_dual0.05_rep2.fasta)	COMPLETED	0	2019-08-14 17:13:11.098	1d 18h 28m 29s	1d 18h 28m 26s	100.1%	3.4 GB	3.5 GB	4.1 MB	958.9 KB
3	54/7bd0c0	222652.hpcnode0	geneconv (msa_m0.0010_rc1.0E-7_n2500_dual0.05_rep1.fasta)	COMPLETED	0	2019-08-14 17:13:11.163	1d 19h 59m 10s	1d 19h 58m 36s	100.1%	3.4 GB	3.5 GB	4.1 MB	1 MB
17	5b/9d15bb	222647.hpcnode0	geneconv (msa_m0.0010_rc0.0000010_n2500_dual0.05_rep1.fasta)	COMPLETED	0	2019-08-14 17:13:10.833	1d 20h 20m 15s	1d 20h 19m 18s	100.2%	3.4 GB	3.5 GB	4.1 MB	1.1 MB
12	4e/047b04	222645.hpcnode0	geneconv (msa_m0.010_rc1.0E-7_n2500_dual0.05_rep3.fasta)	COMPLETED	0	2019-08-14 17:13:10.704	1d 22h 48m 40s	1d 22h 48m 38s	100.2%	2.7 GB	2.8 GB	4.1 MB	323.7 KB
15	c0/c5dbfa	222650.hpcnode0	geneconv (msa_m0.010_rc0.0000010_n2500_dual0.05_rep2.fasta)	COMPLETED	0	2019-08-14 17:13:11.034	1d 23h 34m 30s	1d 23h 33m 42s	100.1%	2.6 GB	2.7 GB	4.1 MB	326.9 KB
6	d0/9facc0	222654.hpcnode0	geneconv (msa_m0.010_rc0.0000010_n2500_dual0.05_rep1.fasta)	COMPLETED	0	2019-08-14 17:13:11.290	2d 44m 10s	2d 43m 53s	100.0%	2.6 GB	2.7 GB	4.1 MB	326.6 KB
8	cf/3d399c	222653.hpcnode0	geneconv (msa_m0.010_rc0.0000010_n2500_dual0.05_rep3.fasta)	COMPLETED	0	2019-08-14 17:13:11.226	2d 2h 29m 25s	2d 2h 29m 24s	100.1%	2.3 GB	2.4 GB	4.1 MB	327.5 KB
4	d4/a24304	222657.hpcnode0	geneconv (msa_m0.010_rc1.0E-7_n2500_dual0.05_rep2.fasta)	COMPLETED	0	2019-08-14 17:13:11.492	2d 7h 2m 35s	2d 7h 2m 12s	100.1%	2.4 GB	2.5 GB	4.1 MB	327.2 KB
10	74/a3e5cb	222655.hpcnode0	geneconv (msa_m0.010_rc1.0E-7_n2500_dual0.05_rep1.fasta)	COMPLETED	0	2019-08-14 17:13:11.352	2d 9h 36m 56s	2d 9h 36m 33s	100.1%	2.1 GB	2.2 GB	4.1 MB	328.2 KB
